Manufacturer,Manufacturer Part Number,Quantity,Per Board,Designators,Value,Source
Same Sky,CEM-1205-IC,1,1,BZ1,5V,Mouser
Nichicon,UUX2A470MNL1GS,1,1,C1,47u/100V,Mouser
Murata,GRM32ER72A225KA35L,2,2,C2 C3,2.2u/100V,Mouser
Samsung Electro-Mechanics,CL10B222KB8NNNC,10,1,C4,2.2n/50V,Mouser
Samsung Electro-Mechanics,CL10B332KB8NNNC,10,1,C5,3.3n,Mouser
Samsung Electro-Mechanics,CL10C331JB8NNNC,10,1,C6,330p,Mouser
Murata,GRM31CR61C226KE15L,2,2,C7 C8,22u/16V,Mouser
Samsung Electro-Mechanics,CL10A105KB8NNNC,10,2,C9 C14,1u,Mouser
Samsung Electro-Mechanics,CL10A106KP8NNNC,10,3,C10 C12 C27,10u,Mouser
Samsung Electro-Mechanics,CL10B104KB8NNNC,20,13,C11 C13 C15 C16 C17 C18 C19 C20 C21 C22 C23 C24 C28,100n,Mouser
Samsung Electro-Mechanics,CL10B103KB8NNNC,10,1,C25,10n,Mouser
Samsung Electro-Mechanics,CL10B102KB8NNNC,10,1,C26,1n,Mouser
Diodes Inc,S1D-13-F,3,2,D1 D9,S1D,Mouser
Littelfuse,SMAJ58A,2,1,D2,SMAJ58A,Mouser
onsemi,SS14,2,1,D3,SS14,Mouser
Lite-On,LTST-C191KGKT,3,2,D4 D7,green,Mouser
Lite-On,LTST-C191KRKT,2,1,D5,red,Mouser
Diodes Inc,1N4148W-7-F,2,1,D6,1N4148W,Mouser
Diodes Inc,BZT52C15-7-F,2,1,D8,BZT52C15,Mouser
Littelfuse,0451001.MRL,1,1,F1,1A,Mouser
Bourns,MF-NSMF010/30X-2,2,1,F2,100mA,Mouser
Bourns,MF-NSMF020-2,2,1,F3,200mA,Mouser
Phoenix Contact,1715721,2,2,J1 J4,BATT/ESC_LOCK,Mouser
Korean Hroparts,TYPE-C-31-M-12,1,1,J2,USB-C,"LCSC C165948, not stocked at Mouser"
JST,SM04B-SRSS-TB(LF)(SN),1,1,J3,QWIIC,Mouser
JST,B2B-XH-A(LF)(SN),2,2,J5 J15,BRAKE/ESTOP,Mouser
JST,B3B-XH-A(LF)(SN),4,4,J6 J7 J12 J13,PEDAL/ESC_THR/SPEED/AUX,Mouser
JST,B4B-XH-A(LF)(SN),3,3,J8 J9 J14,UART_DBG/US1/US2,Mouser
Bourns,SRR1260-470M,1,1,L1,47u,Mouser
Diodes Inc,DMN3404L-7,2,1,Q1,DMN3404L,Mouser
Diodes Inc,DMN10H220L-7,2,1,Q2,DMN10H220L,Mouser
Infineon,IRFR9120NTRPBF,2,1,Q3,IRFR9120N,Mouser
Diodes Inc,2N7002-7-F,3,2,Q4 Q5,2N7002,Mouser
Yageo,RC0603FR-071ML,10,1,R1,1M,Mouser
Yageo,RC0603FR-0782KL,10,1,R2,82k,Mouser
Yageo,RC0603FR-0741K2L,10,1,R3,41.2k,Mouser
Yageo,RC0603FR-07100KL,20,6,R4 R16 R22 R23 R24 R29,100k,Mouser
Yageo,RC0603FR-0731K6L,10,1,R5,31.6k,Mouser
Yageo,RC0603FR-07200KL,10,3,R6 R7 R30,200k,Mouser
Yageo,RC0603FR-0710KL,20,15,R8 R10 R11 R17 R18 R28 R31 R32 R34 R35 R37 R39 R54 R57 R59,10k,Mouser
Yageo,RC0603FR-071KL,20,8,R9 R14 R19 R26 R41 R44 R56 R58,1k,Mouser
Yageo,RC0603FR-075K1L,10,2,R12 R13,5.1k,Mouser
Yageo,RC0603FR-07100RL,10,1,R15,100,Mouser
Yageo,RC0603FR-074K7L,10,3,R20 R21 R53,4.7k,Mouser
Yageo,RC0603FR-0733KL,10,1,R27,33k,Mouser
Yageo,RC0603FR-0715KL,10,4,R33 R40 R42 R45,15k,Mouser
Yageo,RC0603FR-0720KL,10,4,R36 R43 R46 R55,20k,Mouser
Yageo,RC0603FR-07470RL,10,1,R38,470,Mouser
E-Switch,TL3342F160QG,2,2,SW1 SW2,EN/BOOT,Mouser
Texas Instruments,LM5164DDAR,2,1,U1,LM5164,Mouser
Diodes Inc,AP2112K-3.3TRG1,2,1,U2,AP2112K-3.3,Mouser
Espressif,ESP32-S3-WROOM-1U-N16R8,1,1,U3,ESP32-S3-WROOM-1U-N16R8,Mouser
STMicroelectronics,USBLC6-2SC6,2,1,U4,USBLC6-2SC6,Mouser
Texas Instruments,TPS3430WDRCR,2,1,U5,TPS3430,Mouser
STMicroelectronics,LSM6DS3TR-C,2,1,U6,LSM6DS3TR-C,Mouser
Texas Instruments,SN74AHCT1G08DBVR,2,1,U7,74AHCT1G08,Mouser
Texas Instruments,SN74AHCT1G00DBVR,2,1,U8,74AHCT1G00,Mouser
Microchip,MCP6002T-I/SN,2,1,U9,MCP6002,Mouser
Texas Instruments,SN74LVC1G74DCUR,2,1,U10,74LVC1G74,Mouser
Molex,1461530100,1,1,U3,"2.4 GHz flex antenna, U.FL, 100 mm lead",Mouser
JST,XHP-2,2,2,harness,XH 2-way plug housing,Mouser
JST,XHP-3,4,4,harness,XH 3-way plug housing,Mouser
JST,XHP-4,3,3,harness,XH 4-way plug housing,Mouser
JST,SXH-001T-P0.6,38,28,harness,"XH crimp contact, 26-22 AWG",Mouser
