Mfr Part Number (Input),Manufacturer Part Number,Mouser Part Number,Manufacturer Name,Description,Quantity 1,Unit Price 1,Quantity 2,Unit Price 2,Quantity 3,Unit Price 3,Quantity 4,Unit Price 4,Quantity 5,Unit Price 5,Order Quantity,Order Unit Price,Min./Mult.,Availability,Lead Time in Days,Lifecycle,NCNR,RoHS,Pb Free,Package Type,Datasheet URL,Product Image,Design Risk
CEM-1205-IC,CEM-1205-IC,,Same Sky,5V BZ1,1,,,,,,,,,,1,,,,,,,,,,,,
UUX2A470MNL1GS,UUX2A470MNL1GS,,Nichicon,47u/100V C1,1,,,,,,,,,,1,,,,,,,,,,,,
GRM32ER72A225KA35L,GRM32ER72A225KA35L,,Murata,2.2u/100V C2 C3,2,,,,,,,,,,2,,,,,,,,,,,,
GRM188R71H222KA01D,GRM188R71H222KA01D,,Murata,2.2n/50V C4,10,,,,,,,,,,10,,,,,,,,,,,,
GRM188R71H332KA01D,GRM188R71H332KA01D,,Murata,3.3n C5,10,,,,,,,,,,10,,,,,,,,,,,,
GRM1885C1H331JA01D,GRM1885C1H331JA01D,,Murata,330p C6,10,,,,,,,,,,10,,,,,,,,,,,,
GRM31CR61C226KE15L,GRM31CR61C226KE15L,,Murata,22u/16V C7 C8,2,,,,,,,,,,2,,,,,,,,,,,,
GRM188R61E105KA12D,GRM188R61E105KA12D,,Murata,1u C9 C14,10,,,,,,,,,,10,,,,,,,,,,,,
GRM188R61A106KE69D,GRM188R61A106KE69D,,Murata,10u C10 C12 C27,10,,,,,,,,,,10,,,,,,,,,,,,
GRM188R71H104KA93D,GRM188R71H104KA93D,,Murata,100n C11 C13 C15 C16 C17 C18 C19 C20 C21 C22 C23 C24 C28,20,,,,,,,,,,20,,,,,,,,,,,,
GRM188R71H103KA01D,GRM188R71H103KA01D,,Murata,10n C25,10,,,,,,,,,,10,,,,,,,,,,,,
GRM188R71H102KA01D,GRM188R71H102KA01D,,Murata,1n C26,10,,,,,,,,,,10,,,,,,,,,,,,
S1D-13-F,S1D-13-F,,Diodes Inc,S1D D1 D9,3,,,,,,,,,,3,,,,,,,,,,,,
SMAJ58A,SMAJ58A,,Littelfuse,SMAJ58A D2,2,,,,,,,,,,2,,,,,,,,,,,,
SS14,SS14,,onsemi,SS14 D3,2,,,,,,,,,,2,,,,,,,,,,,,
LTST-C191KGKT,LTST-C191KGKT,,Lite-On,green D4 D7,3,,,,,,,,,,3,,,,,,,,,,,,
LTST-C191KRKT,LTST-C191KRKT,,Lite-On,red D5,2,,,,,,,,,,2,,,,,,,,,,,,
1N4148W-7-F,1N4148W-7-F,,Diodes Inc,1N4148W D6,2,,,,,,,,,,2,,,,,,,,,,,,
BZT52C15-7-F,BZT52C15-7-F,,Diodes Inc,BZT52C15 D8,2,,,,,,,,,,2,,,,,,,,,,,,
0451001.MRL,0451001.MRL,,Littelfuse,1A F1,1,,,,,,,,,,1,,,,,,,,,,,,
MF-NSMF010/30X-2,MF-NSMF010/30X-2,,Bourns,100mA F2,2,,,,,,,,,,2,,,,,,,,,,,,
MF-NSMF020-2,MF-NSMF020-2,,Bourns,200mA F3,2,,,,,,,,,,2,,,,,,,,,,,,
1715721,1715721,,Phoenix Contact,BATT/ESC_LOCK J1 J4,2,,,,,,,,,,2,,,,,,,,,,,,
SM04B-SRSS-TB(LF)(SN),SM04B-SRSS-TB(LF)(SN),,JST,QWIIC J3,1,,,,,,,,,,1,,,,,,,,,,,,
B2B-XH-A(LF)(SN),B2B-XH-A(LF)(SN),,JST,BRAKE/ESTOP J5 J15,2,,,,,,,,,,2,,,,,,,,,,,,
B3B-XH-A(LF)(SN),B3B-XH-A(LF)(SN),,JST,PEDAL/ESC_THR/SPEED/AUX J6 J7 J12 J13,4,,,,,,,,,,4,,,,,,,,,,,,
B4B-XH-A(LF)(SN),B4B-XH-A(LF)(SN),,JST,UART_DBG/US1/US2 J8 J9 J14,3,,,,,,,,,,3,,,,,,,,,,,,
SRR1260-470M,SRR1260-470M,,Bourns,47u L1,1,,,,,,,,,,1,,,,,,,,,,,,
DMN3404L-7,DMN3404L-7,,Diodes Inc,DMN3404L Q1,2,,,,,,,,,,2,,,,,,,,,,,,
DMN10H220L-7,DMN10H220L-7,,Diodes Inc,DMN10H220L Q2,2,,,,,,,,,,2,,,,,,,,,,,,
IRFR9120NTRPBF,IRFR9120NTRPBF,,Infineon,IRFR9120N Q3,2,,,,,,,,,,2,,,,,,,,,,,,
2N7002-7-F,2N7002-7-F,,Diodes Inc,2N7002 Q4 Q5,3,,,,,,,,,,3,,,,,,,,,,,,
RC0603FR-071ML,RC0603FR-071ML,,Yageo,1M R1,10,,,,,,,,,,10,,,,,,,,,,,,
RC0603FR-0782KL,RC0603FR-0782KL,,Yageo,82k R2,10,,,,,,,,,,10,,,,,,,,,,,,
RC0603FR-0741K2L,RC0603FR-0741K2L,,Yageo,41.2k R3,10,,,,,,,,,,10,,,,,,,,,,,,
RC0603FR-07100KL,RC0603FR-07100KL,,Yageo,100k R4 R16 R22 R23 R24 R29,20,,,,,,,,,,20,,,,,,,,,,,,
RC0603FR-0731K6L,RC0603FR-0731K6L,,Yageo,31.6k R5,10,,,,,,,,,,10,,,,,,,,,,,,
RC0603FR-07200KL,RC0603FR-07200KL,,Yageo,200k R6 R7 R30,10,,,,,,,,,,10,,,,,,,,,,,,
RC0603FR-0710KL,RC0603FR-0710KL,,Yageo,10k R8 R10 R11 R17 R18 R28 R31 R32 R34 R35 R37 R39 R54 R57 R59,20,,,,,,,,,,20,,,,,,,,,,,,
RC0603FR-071KL,RC0603FR-071KL,,Yageo,1k R9 R14 R19 R26 R41 R44 R56 R58,20,,,,,,,,,,20,,,,,,,,,,,,
RC0603FR-075K1L,RC0603FR-075K1L,,Yageo,5.1k R12 R13,10,,,,,,,,,,10,,,,,,,,,,,,
RC0603FR-07100RL,RC0603FR-07100RL,,Yageo,100 R15,10,,,,,,,,,,10,,,,,,,,,,,,
RC0603FR-074K7L,RC0603FR-074K7L,,Yageo,4.7k R20 R21 R53,10,,,,,,,,,,10,,,,,,,,,,,,
RC0603FR-0733KL,RC0603FR-0733KL,,Yageo,33k R27,10,,,,,,,,,,10,,,,,,,,,,,,
RC0603FR-0715KL,RC0603FR-0715KL,,Yageo,15k R33 R40 R42 R45,10,,,,,,,,,,10,,,,,,,,,,,,
RC0603FR-0720KL,RC0603FR-0720KL,,Yageo,20k R36 R43 R46 R55,10,,,,,,,,,,10,,,,,,,,,,,,
RC0603FR-07470RL,RC0603FR-07470RL,,Yageo,470 R38,10,,,,,,,,,,10,,,,,,,,,,,,
TL3342F160QG,TL3342F160QG,,E-Switch,EN/BOOT SW1 SW2,2,,,,,,,,,,2,,,,,,,,,,,,
LM5164DDAR,LM5164DDAR,,Texas Instruments,LM5164 U1,2,,,,,,,,,,2,,,,,,,,,,,,
AP2112K-3.3TRG1,AP2112K-3.3TRG1,,Diodes Inc,AP2112K-3.3 U2,2,,,,,,,,,,2,,,,,,,,,,,,
ESP32-S3-WROOM-1U-N16R8,ESP32-S3-WROOM-1U-N16R8,,Espressif,ESP32-S3-WROOM-1U-N16R8 U3,1,,,,,,,,,,1,,,,,,,,,,,,
USBLC6-2SC6,USBLC6-2SC6,,STMicroelectronics,USBLC6-2SC6 U4,2,,,,,,,,,,2,,,,,,,,,,,,
TPS3430WDRCR,TPS3430WDRCR,,Texas Instruments,TPS3430 U5,2,,,,,,,,,,2,,,,,,,,,,,,
LSM6DS3TR-C,LSM6DS3TR-C,,STMicroelectronics,LSM6DS3TR-C U6,2,,,,,,,,,,2,,,,,,,,,,,,
SN74AHCT1G08DBVR,SN74AHCT1G08DBVR,,Texas Instruments,74AHCT1G08 U7,2,,,,,,,,,,2,,,,,,,,,,,,
SN74AHCT1G00DBVR,SN74AHCT1G00DBVR,,Texas Instruments,74AHCT1G00 U8,2,,,,,,,,,,2,,,,,,,,,,,,
MCP6002T-I/SN,MCP6002T-I/SN,,Microchip,MCP6002 U9,2,,,,,,,,,,2,,,,,,,,,,,,
SN74LVC1G74DCUR,SN74LVC1G74DCUR,,Texas Instruments,74LVC1G74 U10,2,,,,,,,,,,2,,,,,,,,,,,,
1461530100,1461530100,,Molex,"2.4 GHz flex antenna, U.FL, 100 mm lead U3",1,,,,,,,,,,1,,,,,,,,,,,,
XHP-2,XHP-2,,JST,XH 2-way plug housing harness,2,,,,,,,,,,2,,,,,,,,,,,,
XHP-3,XHP-3,,JST,XH 3-way plug housing harness,4,,,,,,,,,,4,,,,,,,,,,,,
XHP-4,XHP-4,,JST,XH 4-way plug housing harness,3,,,,,,,,,,3,,,,,,,,,,,,
SXH-001T-P0.6,SXH-001T-P0.6,,JST,"XH crimp contact, 26-22 AWG harness",38,,,,,,,,,,38,,,,,,,,,,,,
